feature,importance
sin_hour,0.26974872
o3_lag_6,0.15073116
aqi_roll_12h_std,0.07466778
cos_hour,0.05870633
aqi_change_12h,0.045909483
o3_change_1h,0.044688594
sin_year,0.027321523
aqi_trend_12h,0.020170055
aqi_acceleration,0.019319732
aqi_roll_3h_min,0.016796239
no2_roll_3h_mean,0.016018996
pm25_roll_6h_mean,0.010569081
aqi_roll_24h_std,0.010026355
o3_change_3h,0.009110829
o3_lag_3,0.008388163
co_acceleration,0.007092827
no2_lag_12,0.006737301
aqi_roll_3h_max,0.0061976975
pm25_roll_3h_mean,0.0061808717
aqi_roll_12h_min,0.0057103187
pm25_roll_12h_mean,0.005648522
o3_acceleration,0.004402954
no2_lag_1,0.004202066
aqi_roll_12h_mean,0.0039265645
pm25_change_24h,0.0038391333
aqi_roll_24h_mean,0.0036414955
aqi_roll_6h_max,0.003608934
aqi_change_1h,0.0033657956
no2_roll_12h_mean,0.0032812199
pm25_lag_6,0.0032020973
pm10_roll_3h_mean,0.0031682237
o3_roll_6h_mean,0.0030961905
aqi_roll_3h_mean,0.003045468
no2_lag_3,0.0029910314
o3_roll_3h_std,0.0029522406
pm25_lag_1,0.0028671308
co_change_6h,0.0026720413
aqi_trend_3h,0.0025224988
pm25_lag_3,0.0025086522
aqi_lag_3,0.0025073013
so2_change_24h,0.0024874953
no2_change_24h,0.0024697257
aqi_lag_6,0.0024195688
pm25_lag_24,0.0022773822
aqi_roll_6h_mean,0.0021816192
co_lag_1,0.0020742614
no2_lag_6,0.002044424
o3_trend_3h,0.0020224226
aqi_change_6h,0.0019745952
no2_change_3h,0.0019267634
co_change_3h,0.0018531441
pm10_roll_12h_mean,0.0018013857
o3_roll_24h_mean,0.0017854125
aqi_roll_6h_min,0.0017538753
o3_change_12h,0.0016939234
pm25_lag_2,0.0016884116
aqi_lag_24,0.0016759913
co_change_24h,0.0015730207
aqi_lag_12,0.001564135
o3_change_24h,0.0015454178
co_lag_12,0.001478617
pm10_roll_24h_mean,0.0014601409
pm10_roll_6h_mean,0.0014297024
aqi_lag_1,0.0013660401
no2_roll_24h_mean,0.0013551094
aqi_roll_24h_max,0.001336976
pm25_change_6h,0.0012933058
so2_roll_3h_mean,0.0012833213
cos_year,0.0012820006
pm25_lag_12,0.0012617662
pm10_change_24h,0.0012555493
pm25_trend_6h,0.0012440913
co_roll_24h_mean,0.0011425347
aqi_roll_12h_max,0.0010978006
aqi_roll_6h_std,0.0010939385
so2_trend_12h,0.0010776856
pm25_lag_72,0.001065619
co_roll_12h_mean,0.0010544457
so2_change_12h,0.0010378041
so2_lag_48,0.0010280361
so2_roll_24h_mean,0.0010073633
co_lag_24,0.00095486717
co_roll_24h_std,0.000919092
aqi_lag_2,0.0009144651
no2_roll_24h_std,0.0009066071
pm25_change_1h,0.0008971184
aqi_lag_168,0.000892495
no2_trend_6h,0.00086788245
aqi_roll_24h_min,0.00086181366
pm25_roll_24h_mean,0.000857959
pm25_roll_24h_std,0.0008536416
so2_roll_6h_mean,0.0008475127
o3_lag_1,0.0008403867
pm25_change_12h,0.0007782396
pm10_trend_12h,0.0007507464
co_lag_48,0.0007051103
pm25_lag_48,0.00070244493
o3_roll_6h_std,0.00070016284
no2_acceleration,0.00069504825
so2_roll_12h_mean,0.0006925141
o3_roll_24h_std,0.00067974447
o3_lag_2,0.0006765677
no2_roll_3h_std,0.0006732181
pm10_lag_24,0.00067247864
pm10_lag_1,0.0006672348
so2_lag_1,0.00066598516
so2_roll_24h_std,0.00066159124
no2_roll_6h_mean,0.0006544843
so2_lag_24,0.0006516095
aqi_trend_6h,0.0006342248
so2_change_6h,0.00060998445
so2_roll_12h_std,0.0006074008
co_roll_6h_mean,0.00060522737
so2_change_3h,0.00059717306
pm25_roll_12h_std,0.0005799184
pm10_trend_6h,0.00057723233
no2_roll_12h_std,0.000565379
pm10_lag_12,0.0005634697
pm10_change_12h,0.00056035613
no2_change_12h,0.0005542395
pm10_lag_72,0.0005479873
o3_lag_12,0.0005403871
pm25_trend_12h,0.0005341773
so2_lag_72,0.0005302217
o3_roll_3h_mean,0.000506043
pm25_lag_168,0.0004962084
aqi_change_3h,0.0004934765
pm25_roll_6h_std,0.00047764642
so2_lag_12,0.00047634388
co_roll_6h_std,0.000471712
sin_day,0.00046875046
o3_roll_12h_mean,0.00046581632
o3_roll_12h_std,0.0004656318
o3_change_6h,0.00045711882
co_change_12h,0.00045299536
co_trend_6h,0.00044477577
no2_change_1h,0.0004430662
co_roll_12h_std,0.00043712498
pm10_lag_168,0.0004299303
o3_lag_24,0.000428435
co_lag_168,0.00042617708
pm25_trend_3h,0.00041991138
pm25_pm10_ratio,0.0004184261
no2_roll_6h_std,0.0004156015
pm10_roll_24h_std,0.00041252802
so2_lag_2,0.0004076935
co_trend_3h,0.00040760776
co_roll_3h_std,0.0004060653
so2_trend_6h,0.00038624243
o3_lag_168,0.00038227031
co_change_1h,0.00037627056
aqi_change_24h,0.000372957
pm25_dominance,0.00037224698
o3_lag_72,0.0003646125
pm10_change_1h,0.00036443697
aqi_lag_72,0.00035760232
aqi_lag_48,0.00035619776
so2_lag_168,0.0003512652
co_lag_6,0.00034030306
so2_change_1h,0.00034016918
no2_lag_24,0.00032940705
co_lag_72,0.00032933697
pm10_roll_12h_std,0.00031324718
so2_lag_6,0.0003100356
no2_lag_72,0.00030617748
pm25_roll_3h_std,0.0003030149
pm10_lag_6,0.00030194875
no2_trend_12h,0.00029729126
pm10_change_3h,0.00028906253
pm10_lag_2,0.00027979168
pm25_acceleration,0.00027890044
pm10_lag_48,0.00027283086
o3_lag_48,0.00026982944
co_lag_2,0.00026526675
pm10_change_6h,0.00025583987
aqi_roll_3h_std,0.0002536059
so2_roll_3h_std,0.00025197925
pm10_roll_6h_std,0.0002463506
so2_lag_3,0.00024129119
no2_lag_2,0.00023535592
co_lag_3,0.00023385922
pm25_change_3h,0.00023379383
cos_day,0.00022365904
so2_roll_6h_std,0.00022044068
no2_change_6h,0.00021540461
co_trend_12h,0.00021150014
o3_trend_12h,0.00020239237
so2_acceleration,0.00020170666
co_roll_3h_mean,0.0002009226
so2_trend_3h,0.00018283725
no2_lag_48,0.0001804397
pm10_roll_3h_std,0.00016909603
pm10_acceleration,0.00015985723
no2_lag_168,0.0001512956
no2_trend_3h,0.00011963351
pm10_lag_3,0.000114152186
pm10_trend_3h,0.0
o3_trend_6h,0.0
